{
    "accuracy": 0.7532467532467533,
    "precision": 0.66,
    "recall": 0.6111111111111112,
    "f1": 0.6346153846153846,
    "roc_auc": 0.8275925925925927
}